# index, node_type, node_subtype, name, _pos
0,PHARYNX,,I1L,"array([ 1.45794504, -4.11587019])"
1,PHARYNX,,I1R,"array([ 1.43315422, -4.11873968])"
2,PHARYNX,,I2L,"array([ 1.47312695, -4.07160616])"
3,PHARYNX,,I2R,"array([ 1.4371444 , -4.09144278])"
4,PHARYNX,,I3,"array([ 1.45799738, -4.09058699])"
5,PHARYNX,,I4,"array([ 1.41293544, -4.04376878])"
6,PHARYNX,,I5,"array([ 1.43792073, -4.03494098])"
7,PHARYNX,,I6,"array([ 1.45715816, -4.04600608])"
8,PHARYNX,,M1,"array([ 1.50450553, -4.09337626])"
9,PHARYNX,,M2L,"array([ 1.39531598, -4.05344756])"
10,PHARYNX,,M2R,"array([ 1.36271242, -4.06048552])"
11,PHARYNX,,M3L,"array([ 1.40925854, -4.07650297])"
12,PHARYNX,,M3R,"array([ 1.38575865, -4.07429186])"
13,PHARYNX,,M4,"array([ 1.42278214, -4.02382035])"
14,PHARYNX,,M5,"array([ 1.41523429, -3.95030335])"
15,PHARYNX,,MCL,"array([ 1.48027522, -4.14657909])"
16,PHARYNX,,MCR,"array([ 1.50273143, -4.19029132])"
17,PHARYNX,,MI,"array([ 1.41947367, -4.09892511])"
18,PHARYNX,,NSML,"array([ 1.441382  , -4.06441605])"
19,PHARYNX,,NSMR,"array([ 1.4218319 , -4.05998309])"
20,PHARYNX,,pm1,"array([ 1.38142283, -4.16249063])"
21,PHARYNX,,pm2D,"array([ 1.57739774, -4.01247185])"
22,PHARYNX,,pm2VL,"array([ 1.54157918, -3.9775906 ])"
23,PHARYNX,,pm3D,"array([ 1.31813129, -4.16184172])"
24,PHARYNX,,pm3VL,"array([ 1.57782959, -4.17569592])"
25,PHARYNX,,pm3VR,"array([ 1.56794929, -4.21876712])"
26,PHARYNX,,pm4D,"array([ 1.39114339, -4.10397066])"
27,PHARYNX,,pm4VL,"array([ 1.40010972, -4.12825507])"
28,PHARYNX,,pm4VR,"array([ 1.34496333, -4.09272191])"
29,PHARYNX,,pm5D,"array([ 1.47841311, -4.04579133])"
30,PHARYNX,,pm5VL,"array([ 1.43879896, -4.00113636])"
31,PHARYNX,,pm5VR,"array([ 1.3953239 , -4.01861413])"
32,PHARYNX,,pm6D,"array([ 1.36335575, -3.83807491])"
33,PHARYNX,,pm6VL,"array([ 1.45349449, -3.92491488])"
34,PHARYNX,,pm6VR,"array([ 1.38943362, -3.87218523])"
35,PHARYNX,,pm7D,"array([ 1.33225312, -3.87115533])"
36,PHARYNX,,pm7VR,"array([ 1.30818451, -3.90791425])"
37,PHARYNX,,mc2DL,"array([ 1.5942857 , -4.27949076])"
38,PHARYNX,,mc2DR,"array([ 1.60483318, -4.24439572])"
39,PHARYNX,,mc2V,"array([ 1.43533041, -4.22286495])"
40,PHARYNX,,mc3V,"array([ 1.45388956, -3.85608802])"
41,PHARYNX,,e3D,"array([ 1.43914777, -4.17801197])"
42,PHARYNX,,e3VL,"array([ 1.53810711, -4.03849303])"
43,PHARYNX,,e3VR,"array([ 1.29882883, -4.0847909 ])"
44,PHARYNX,,g1p,"array([ 1.49108851, -3.99272852])"
45,PHARYNX,,g1AL,"array([ 1.3846742 , -3.97189511])"
46,PHARYNX,,g1AR,"array([ 1.35561476, -3.9948898 ])"
47,PHARYNX,,g2L,"array([ 1.36255189, -3.93221342])"
48,PHARYNX,,g2R,"array([ 1.41396885, -3.83368722])"
49,PHARYNX,,bm,"array([ 1.35463402, -4.02894761])"
50,SENSORY NEURONS,,ASIL,"array([ 1.74045378, -4.49069602])"
51,SENSORY NEURONS,,ASIR,"array([ 1.77760212, -4.50270131])"
52,SENSORY NEURONS,,ASJL,"array([ 1.80629667, -4.56287465])"
53,SENSORY NEURONS,,ASJR,"array([ 1.80197856, -4.61506233])"
54,SENSORY NEURONS,,AWAL,"array([ 1.74897152, -4.56153116])"
55,SENSORY NEURONS,,AWAR,"array([ 1.7582706 , -4.53895778])"
56,SENSORY NEURONS,,ASGL,"array([ 1.74002345, -4.53330545])"
57,SENSORY NEURONS,,ASGR,"array([ 1.72392065, -4.51766896])"
58,SENSORY NEURONS,,AWBL,"array([ 1.81229804, -4.52882829])"
59,SENSORY NEURONS,,AWBR,"array([ 1.79115235, -4.5176463 ])"
60,SENSORY NEURONS,,ASEL,"array([ 1.76068048, -4.4924462 ])"
61,SENSORY NEURONS,,ASER,"array([ 1.76652179, -4.52170169])"
62,SENSORY NEURONS,,ADFL,"array([ 1.79141588, -4.46880224])"
63,SENSORY NEURONS,,ADFR,"array([ 1.8003306 , -4.48207784])"
64,SENSORY NEURONS,,AFDL,"array([ 1.7168561, -4.4891561])"
65,SENSORY NEURONS,,AFDR,"array([ 1.70165062, -4.51168926])"
66,SENSORY NEURONS,,AWCL,"array([ 1.78186747, -4.48706513])"
67,SENSORY NEURONS,,AWCR,"array([ 1.76654109, -4.4765667 ])"
68,SENSORY NEURONS,,ASKL,"array([ 1.76572196, -4.58341194])"
69,SENSORY NEURONS,,ASKR,"array([ 1.78411868, -4.5674496 ])"
70,SENSORY NEURONS,,ASHL,"array([ 1.83685087, -4.51888231])"
71,SENSORY NEURONS,,ASHR,"array([ 1.84996107, -4.52855416])"
72,SENSORY NEURONS,,ADLL,"array([ 1.83120202, -4.5010167 ])"
73,SENSORY NEURONS,,ADLR,"array([ 1.8428372 , -4.49106741])"
74,SENSORY NEURONS,,BAGL,"array([ 1.80492148, -4.44577391])"
75,SENSORY NEURONS,,BAGR,"array([ 1.8018306 , -4.46137489])"
76,SENSORY NEURONS,,URXL,"array([ 1.84507596, -4.46124036])"
77,SENSORY NEURONS,,URXR,"array([ 1.8427845 , -4.44598691])"
78,SENSORY NEURONS,,ALNL,"array([ 1.9183757 , -4.34651439])"
79,SENSORY NEURONS,,ALNR,"array([ 1.9408341 , -4.40418555])"
80,SENSORY NEURONS,,PLNL,"array([ 1.9925578 , -4.35007134])"
81,SENSORY NEURONS,,PLNR,"array([ 1.78001174, -4.42539516])"
82,SENSORY NEURONS,,SDQL,"array([ 1.91550954, -4.43846197])"
83,SENSORY NEURONS,,SDQR,"array([ 1.91731267, -4.42372334])"
84,SENSORY NEURONS,,AQR,"array([ 1.86615651, -4.53387944])"
85,SENSORY NEURONS,,PQR,"array([ 1.95116471, -4.59363939])"
86,SENSORY NEURONS,,ALML,"array([ 1.89851379, -4.47388176])"
87,SENSORY NEURONS,,ALMR,"array([ 1.92420392, -4.37654578])"
88,SENSORY NEURONS,,AVM,"array([ 1.94579013, -4.49341524])"
89,SENSORY NEURONS,,PVM,"array([ 1.88148441, -4.58017928])"
90,SENSORY NEURONS,,PLML,"array([ 1.9712559 , -4.61207942])"
91,SENSORY NEURONS,,PLMR,"array([ 1.9936355, -4.5944989])"
92,SENSORY NEURONS,,FLPL,"array([ 1.93176162, -4.47693877])"
93,SENSORY NEURONS,,FLPR,"array([ 1.95879734, -4.46602762])"
94,SENSORY NEURONS,,DVA,"array([ 1.91998984, -4.51873176])"
95,SENSORY NEURONS,,PVDL,"array([ 1.97178822, -4.59410574])"
96,SENSORY NEURONS,,PVDR,"array([ 1.96441342, -4.57843549])"
97,SENSORY NEURONS,,ADEL,"array([ 1.88976672, -4.41648439])"
98,SENSORY NEURONS,,ADER,"array([ 1.88507478, -4.40516453])"
99,SENSORY NEURONS,,PDEL,"array([ 1.89756821, -4.58865559])"
100,SENSORY NEURONS,,PDER,"array([ 1.91850222, -4.57929516])"
101,SENSORY NEURONS,,PHAL,"array([ 1.89991371, -4.61720103])"
102,SENSORY NEURONS,,PHAR,"array([ 1.88190826, -4.61848675])"
103,SENSORY NEURONS,,PHBL,"array([ 1.94909994, -4.61339762])"
104,SENSORY NEURONS,,PHBR,"array([ 1.92116694, -4.61916697])"
105,SENSORY NEURONS,,PHCL,"array([ 1.89034131, -4.63836798])"
106,SENSORY NEURONS,,PHCR,"array([ 1.90564281, -4.65670436])"
107,SENSORY NEURONS,,IL2DL,"array([ 1.78234013, -4.34311907])"
108,SENSORY NEURONS,,IL2DR,"array([ 1.79916826, -4.283862  ])"
109,SENSORY NEURONS,,IL2L,"array([ 1.81733251, -4.3649296 ])"
110,SENSORY NEURONS,,IL2R,"array([ 1.79900397, -4.36995863])"
111,SENSORY NEURONS,,IL2VL,"array([ 1.75674888, -4.36460355])"
112,SENSORY NEURONS,,IL2VR,"array([ 1.79511988, -4.38848085])"
113,SENSORY NEURONS,,CEPDL,"array([ 1.83698196, -4.40903101])"
114,SENSORY NEURONS,,CEPDR,"array([ 1.86639188, -4.36190891])"
115,SENSORY NEURONS,,CEPVL,"array([ 1.87873083, -4.37479162])"
116,SENSORY NEURONS,,CEPVR,"array([ 1.81594756, -4.42980835])"
117,SENSORY NEURONS,,URYDL,"array([ 1.84673725, -4.38009541])"
118,SENSORY NEURONS,,URYDR,"array([ 1.86849496, -4.34311716])"
119,SENSORY NEURONS,,URYVL,"array([ 1.85026541, -4.41185638])"
120,SENSORY NEURONS,,URYVR,"array([ 1.8357154 , -4.43391266])"
121,SENSORY NEURONS,,OLLL,"array([ 1.83477478, -4.36301911])"
122,SENSORY NEURONS,,OLLR,"array([ 1.83266855, -4.37999348])"
123,SENSORY NEURONS,,OLQDL,"array([ 1.82462578, -4.32061646])"
124,SENSORY NEURONS,,OLQDR,"array([ 1.80243021, -4.34873865])"
125,SENSORY NEURONS,,OLQVL,"array([ 1.84406292, -4.39474378])"
126,SENSORY NEURONS,,OLQVR,"array([ 1.77542977, -4.40392349])"
127,SENSORY NEURONS,,IL1DL,"array([ 1.83160983, -4.30031539])"
128,SENSORY NEURONS,,IL1DR,"array([ 1.85398467, -4.31098697])"
129,SENSORY NEURONS,,IL1L,"array([ 1.8728956 , -4.32214957])"
130,SENSORY NEURONS,,IL1R,"array([ 1.82099253, -4.34389106])"
131,SENSORY NEURONS,,IL1VL,"array([ 1.83857546, -4.33171385])"
132,SENSORY NEURONS,,IL1VR,"array([ 1.78155576, -4.35975362])"
133,INTERNEURONS,,AINL,"array([ 1.76719912, -4.45590868])"
134,INTERNEURONS,,AINR,"array([ 1.74837205, -4.47720718])"
135,INTERNEURONS,,AIML,"array([ 1.83932959, -4.54143811])"
136,INTERNEURONS,,AIMR,"array([ 1.83055035, -4.53115845])"
137,INTERNEURONS,,RIH,"array([ 1.79500775, -4.4067188 ])"
138,INTERNEURONS,,URBL,"array([ 1.90386632, -4.38240373])"
139,INTERNEURONS,,URBR,"array([ 1.88300569, -4.38965216])"
140,INTERNEURONS,,RIR,"array([ 1.82141269, -4.5123842 ])"
141,INTERNEURONS,,AIYL,"array([ 1.75146288, -4.50777005])"
142,INTERNEURONS,,AIYR,"array([ 1.74500514, -4.45831415])"
143,INTERNEURONS,,AIAL,"array([ 1.79873939, -4.53855488])"
144,INTERNEURONS,,AIAR,"array([ 1.77832031, -4.53675221])"
145,INTERNEURONS,,AUAL,"array([ 1.81164706, -4.49291569])"
146,INTERNEURONS,,AUAR,"array([ 1.78477964, -4.45114809])"
147,INTERNEURONS,,AIZL,"array([ 1.8326385 , -4.46975731])"
148,INTERNEURONS,,AIZR,"array([ 1.81774058, -4.47360113])"
149,INTERNEURONS,,RIS,"array([ 1.87829516, -4.42929245])"
150,INTERNEURONS,,ALA,"array([ 1.82132896, -4.58144403])"
151,INTERNEURONS,,PVQL,"array([ 1.8587184 , -4.58934907])"
152,INTERNEURONS,,PVQR,"array([ 1.86638189, -4.55984413])"
153,INTERNEURONS,,ADAL,"array([ 1.86234392, -4.47857209])"
154,INTERNEURONS,,ADAR,"array([ 1.87068501, -4.46948382])"
155,INTERNEURONS,,RIFL,"array([ 1.86269808, -4.51636892])"
156,INTERNEURONS,,RIFR,"array([ 1.8497529 , -4.50984089])"
157,INTERNEURONS,,BDUL,"array([ 1.87356564, -4.49213782])"
158,INTERNEURONS,,BDUR,"array([ 1.92294744, -4.44865897])"
159,INTERNEURONS,,PVR,"array([ 1.91229239, -4.48062878])"
160,INTERNEURONS,,AVFL,"array([ 1.9134321 , -4.56053452])"
161,INTERNEURONS,,AVFR,"array([ 1.90922725, -4.54207774])"
162,INTERNEURONS,,AVHL,"array([ 1.89248152, -4.50630737])"
163,INTERNEURONS,,AVHR,"array([ 1.88062147, -4.55518157])"
164,INTERNEURONS,,PVPL,"array([ 1.89543106, -4.55739116])"
165,INTERNEURONS,,PVPR,"array([ 1.90831115, -4.52898516])"
166,INTERNEURONS,,LUAL,"array([ 1.91472308, -4.59649705])"
167,INTERNEURONS,,LUAR,"array([ 1.93391258, -4.60069893])"
168,INTERNEURONS,,PVNL,"array([ 1.93862026, -4.57541943])"
169,INTERNEURONS,,PVNR,"array([ 1.95668431, -4.55986827])"
170,INTERNEURONS,,AVG,"array([ 1.93947199, -4.56084432])"
171,INTERNEURONS,,DVB,"array([ 1.88495278, -4.66599329])"
172,INTERNEURONS,,RIBL,"array([ 1.82385895, -4.44204932])"
173,INTERNEURONS,,RIBR,"array([ 1.82889493, -4.41984746])"
174,INTERNEURONS,,RIGL,"array([ 1.85577747, -4.48804821])"
175,INTERNEURONS,,RIGR,"array([ 1.8291446 , -4.48459828])"
176,INTERNEURONS,,RMGL,"array([ 1.89196218, -4.43959615])"
177,INTERNEURONS,,RMGR,"array([ 1.88123538, -4.4462408 ])"
178,INTERNEURONS,,AIBL,"array([ 1.8431221 , -4.47556764])"
179,INTERNEURONS,,AIBR,"array([ 1.85742727, -4.4643859 ])"
180,INTERNEURONS,,RICL,"array([ 1.87210953, -4.40087322])"
181,INTERNEURONS,,RICR,"array([ 1.86312906, -4.41422402])"
182,INTERNEURONS,,SAADL,"array([ 1.9056372 , -4.41296944])"
183,INTERNEURONS,,SAADR,"array([ 1.8750326 , -4.41745431])"
184,INTERNEURONS,,SAAVL,"array([ 1.84453344, -4.42507357])"
185,INTERNEURONS,,SAAVR,"array([ 1.89713373, -4.39938955])"
186,INTERNEURONS,,AVKL,"array([ 1.89197467, -4.49157602])"
187,INTERNEURONS,,AVKR,"array([ 1.8838532 , -4.47908123])"
188,INTERNEURONS,,DVC,"array([ 1.87619911, -4.5077002 ])"
189,INTERNEURONS,,AVJL,"array([ 1.88614568, -4.52409244])"
190,INTERNEURONS,,AVJR,"array([ 1.90822207, -4.50744036])"
191,INTERNEURONS,,PVT,"array([ 1.88010627, -4.5383787 ])"
192,INTERNEURONS,,AVDL,"array([ 1.94122937, -4.52151911])"
193,INTERNEURONS,,AVDR,"array([ 1.92969042, -4.52624567])"
194,INTERNEURONS,,AVL,"array([ 1.92570927, -4.54297961])"
195,INTERNEURONS,,PVWL,"array([ 1.91722944, -4.63795747])"
196,INTERNEURONS,,PVWR,"array([ 1.93723261, -4.62996537])"
197,INTERNEURONS,,RIAL,"array([ 1.85400337, -4.44000521])"
198,INTERNEURONS,,RIAR,"array([ 1.86070957, -4.42879805])"
199,INTERNEURONS,,RIML,"array([ 1.86955367, -4.44318153])"
200,INTERNEURONS,,RIMR,"array([ 1.88829351, -4.45570006])"
201,INTERNEURONS,,AVEL,"array([ 1.91582127, -4.46582074])"
202,INTERNEURONS,,AVER,"array([ 1.90641272, -4.44788689])"
203,INTERNEURONS,,RMFL,"array([ 1.8267272 , -4.45759163])"
204,INTERNEURONS,,RMFR,"array([ 1.80054661, -4.43127968])"
205,INTERNEURONS,,RID,"array([ 1.94508809, -4.47112334])"
206,INTERNEURONS,,AVBL,"array([ 1.9262324, -4.5031785])"
207,INTERNEURONS,,AVBR,"array([ 1.92223069, -4.49082874])"
208,INTERNEURONS,,AVAL,"array([ 1.94365294, -4.5090166 ])"
209,INTERNEURONS,,AVAR,"array([ 1.95367312, -4.51277055])"
210,INTERNEURONS,,PVCL,"array([ 1.95416972, -4.53360873])"
211,INTERNEURONS,,PVCR,"array([ 1.96281755, -4.54772147])"
212,INTERNEURONS,,RIPL,"array([ 1.75059865, -4.34750434])"
213,INTERNEURONS,,RIPR,"array([ 1.7800522 , -4.38038478])"
214,MOTOR NEURONS,HEAD MOTOR NEURONS,URADL,"array([ 1.8066868 , -4.32626037])"
215,MOTOR NEURONS,HEAD MOTOR NEURONS,URADR,"array([ 1.84300099, -4.2685841 ])"
216,MOTOR NEURONS,HEAD MOTOR NEURONS,URAVL,"array([ 1.83607183, -4.34835622])"
217,MOTOR NEURONS,HEAD MOTOR NEURONS,URAVR,"array([ 1.76422216, -4.3838155 ])"
218,MOTOR NEURONS,HEAD MOTOR NEURONS,RMEL,"array([ 1.77359367, -4.29739697])"
219,MOTOR NEURONS,HEAD MOTOR NEURONS,RMER,"array([ 1.80548567, -4.30543147])"
220,MOTOR NEURONS,HEAD MOTOR NEURONS,RMED,"array([ 1.85671227, -4.33028804])"
221,MOTOR NEURONS,HEAD MOTOR NEURONS,RMEV,"array([ 1.85333376, -4.34666537])"
222,MOTOR NEURONS,HEAD MOTOR NEURONS,RMDDL,"array([ 1.88102623, -4.35689731])"
223,MOTOR NEURONS,HEAD MOTOR NEURONS,RMDDR,"array([ 1.88068679, -4.34145427])"
224,MOTOR NEURONS,HEAD MOTOR NEURONS,RMDL,"array([ 1.86590067, -4.3867231 ])"
225,MOTOR NEURONS,HEAD MOTOR NEURONS,RMDR,"array([ 1.85896047, -4.39848031])"
226,MOTOR NEURONS,HEAD MOTOR NEURONS,RMDVL,"array([ 1.81628848, -4.3805022 ])"
227,MOTOR NEURONS,HEAD MOTOR NEURONS,RMDVR,"array([ 1.89496833, -4.34890628])"
228,MOTOR NEURONS,HEAD MOTOR NEURONS,RIVL,"array([ 1.82599947, -4.39662252])"
229,MOTOR NEURONS,HEAD MOTOR NEURONS,RIVR,"array([ 1.89572604, -4.36432943])"
230,MOTOR NEURONS,HEAD MOTOR NEURONS,RMHL,"array([ 1.86100559, -4.37269381])"
231,MOTOR NEURONS,HEAD MOTOR NEURONS,RMHR,"array([ 1.84893864, -4.36054186])"
232,MOTOR NEURONS,SUBLATERAL MOTOR NEURONS,SABD,"array([ 1.92344015, -4.40452874])"
233,MOTOR NEURONS,SUBLATERAL MOTOR NEURONS,SABVL,"array([ 1.94532458, -4.42413468])"
234,MOTOR NEURONS,SUBLATERAL MOTOR NEURONS,SABVR,"array([ 1.80580952, -4.50861532])"
235,MOTOR NEURONS,SUBLATERAL MOTOR NEURONS,SMDDL,"array([ 1.94427924, -4.37708496])"
236,MOTOR NEURONS,SUBLATERAL MOTOR NEURONS,SMDDR,"array([ 1.91325787, -4.39841687])"
237,MOTOR NEURONS,SUBLATERAL MOTOR NEURONS,SMDVL,"array([ 1.89564674, -4.42642253])"
238,MOTOR NEURONS,SUBLATERAL MOTOR NEURONS,SMDVR,"array([ 1.92969396, -4.41888418])"
239,MOTOR NEURONS,SUBLATERAL MOTOR NEURONS,SMBDL,"array([ 1.95758876, -4.39996006])"
240,MOTOR NEURONS,SUBLATERAL MOTOR NEURONS,SMBDR,"array([ 1.93365183, -4.38825114])"
241,MOTOR NEURONS,SUBLATERAL MOTOR NEURONS,SMBVL,"array([ 1.9339568 , -4.43860087])"
242,MOTOR NEURONS,SUBLATERAL MOTOR NEURONS,SMBVR,"array([ 1.87135432, -4.45558839])"
243,MOTOR NEURONS,SUBLATERAL MOTOR NEURONS,SIBDL,"array([ 2.00623739, -4.37728162])"
244,MOTOR NEURONS,SUBLATERAL MOTOR NEURONS,SIBDR,"array([ 1.96045754, -4.37420322])"
245,MOTOR NEURONS,SUBLATERAL MOTOR NEURONS,SIBVL,"array([ 1.93045981, -4.45936288])"
246,MOTOR NEURONS,SUBLATERAL MOTOR NEURONS,SIBVR,"array([ 1.95711531, -4.42838243])"
247,MOTOR NEURONS,SUBLATERAL MOTOR NEURONS,SIADL,"array([ 1.97954132, -4.39544369])"
248,MOTOR NEURONS,SUBLATERAL MOTOR NEURONS,SIADR,"array([ 1.95025477, -4.38928262])"
249,MOTOR NEURONS,SUBLATERAL MOTOR NEURONS,SIAVL,"array([ 1.96340973, -4.41362798])"
250,MOTOR NEURONS,SUBLATERAL MOTOR NEURONS,SIAVR,"array([ 1.90091726, -4.46094777])"
251,MOTOR NEURONS,BODY MOTOR NEURONS,DA01,"array([ 1.9842822 , -4.41276238])"
252,MOTOR NEURONS,BODY MOTOR NEURONS,DA02,"array([ 2.00010534, -4.42015992])"
253,MOTOR NEURONS,BODY MOTOR NEURONS,DA03,"array([ 2.02510373, -4.44137791])"
254,MOTOR NEURONS,BODY MOTOR NEURONS,DA04,"array([ 2.04746916, -4.46839696])"
255,MOTOR NEURONS,BODY MOTOR NEURONS,DA05,"array([ 2.04027089, -4.48919708])"
256,MOTOR NEURONS,BODY MOTOR NEURONS,DA06,"array([ 2.06402839, -4.46981522])"
257,MOTOR NEURONS,BODY MOTOR NEURONS,DA07,"array([ 2.09061455, -4.52872939])"
258,MOTOR NEURONS,BODY MOTOR NEURONS,DA08,"array([ 2.03150405, -4.60141957])"
259,MOTOR NEURONS,BODY MOTOR NEURONS,DA09,"array([ 2.00556512, -4.64883176])"
260,MOTOR NEURONS,BODY MOTOR NEURONS,PDA,"array([ 1.97669537, -4.70830974])"
261,MOTOR NEURONS,BODY MOTOR NEURONS,DB01,"array([ 2.01427136, -4.39823012])"
262,MOTOR NEURONS,BODY MOTOR NEURONS,DB02,"array([ 2.04032575, -4.43690686])"
263,MOTOR NEURONS,BODY MOTOR NEURONS,DB03,"array([ 2.03043199, -4.47681429])"
264,MOTOR NEURONS,BODY MOTOR NEURONS,DB04,"array([ 2.04881646, -4.51835672])"
265,MOTOR NEURONS,BODY MOTOR NEURONS,DB05,"array([ 2.07974658, -4.53872181])"
266,MOTOR NEURONS,BODY MOTOR NEURONS,DB06,"array([ 2.12163725, -4.60299   ])"
267,MOTOR NEURONS,BODY MOTOR NEURONS,DB07,"array([ 2.01755083, -4.65956233])"
268,MOTOR NEURONS,BODY MOTOR NEURONS,AS01,"array([ 2.01548899, -4.41662428])"
269,MOTOR NEURONS,BODY MOTOR NEURONS,AS02,"array([ 2.03071928, -4.42120231])"
270,MOTOR NEURONS,BODY MOTOR NEURONS,AS03,"array([ 2.06088178, -4.43941953])"
271,MOTOR NEURONS,BODY MOTOR NEURONS,AS04,"array([ 2.0493718 , -4.45351421])"
272,MOTOR NEURONS,BODY MOTOR NEURONS,AS05,"array([ 2.02416169, -4.49210653])"
273,MOTOR NEURONS,BODY MOTOR NEURONS,AS06,"array([ 2.11325138, -4.50401089])"
274,MOTOR NEURONS,BODY MOTOR NEURONS,AS07,"array([ 2.10213563, -4.54532675])"
275,MOTOR NEURONS,BODY MOTOR NEURONS,AS08,"array([ 2.09451747, -4.58927771])"
276,MOTOR NEURONS,BODY MOTOR NEURONS,AS09,"array([ 2.07872397, -4.65859308])"
277,MOTOR NEURONS,BODY MOTOR NEURONS,AS10,"array([ 2.00190645, -4.6179451 ])"
278,MOTOR NEURONS,BODY MOTOR NEURONS,AS11,"array([ 1.97472938, -4.63637404])"
279,MOTOR NEURONS,BODY MOTOR NEURONS,PDB,"array([ 1.96558365, -4.76219615])"
280,MOTOR NEURONS,BODY MOTOR NEURONS,DD01,"array([ 1.99418038, -4.43407324])"
281,MOTOR NEURONS,BODY MOTOR NEURONS,DD02,"array([ 2.03203923, -4.46105912])"
282,MOTOR NEURONS,BODY MOTOR NEURONS,DD03,"array([ 2.08469017, -4.48547029])"
283,MOTOR NEURONS,BODY MOTOR NEURONS,DD04,"array([ 2.1259887 , -4.53522651])"
284,MOTOR NEURONS,BODY MOTOR NEURONS,DD05,"array([ 2.08730238, -4.63100151])"
285,MOTOR NEURONS,BODY MOTOR NEURONS,DD06,"array([ 1.98355451, -4.68264942])"
286,MOTOR NEURONS,BODY MOTOR NEURONS,VA01,"array([ 1.99551527, -4.39938968])"
287,MOTOR NEURONS,BODY MOTOR NEURONS,VA02,"array([ 1.97920367, -4.45335625])"
288,MOTOR NEURONS,BODY MOTOR NEURONS,VA03,"array([ 1.9945727 , -4.47213112])"
289,MOTOR NEURONS,BODY MOTOR NEURONS,VA04,"array([ 2.00178494, -4.51472375])"
290,MOTOR NEURONS,BODY MOTOR NEURONS,VA05,"array([ 2.02536812, -4.56220577])"
291,MOTOR NEURONS,BODY MOTOR NEURONS,VA06,"array([ 2.03059738, -4.52791535])"
292,MOTOR NEURONS,BODY MOTOR NEURONS,VA07,"array([ 2.0674507 , -4.52285668])"
293,MOTOR NEURONS,BODY MOTOR NEURONS,VA08,"array([ 2.06856257, -4.560575  ])"
294,MOTOR NEURONS,BODY MOTOR NEURONS,VA09,"array([ 2.06274057, -4.62185049])"
295,MOTOR NEURONS,BODY MOTOR NEURONS,VA10,"array([ 2.02849932, -4.62298023])"
296,MOTOR NEURONS,BODY MOTOR NEURONS,VA11,"array([ 1.991107  , -4.63837581])"
297,MOTOR NEURONS,BODY MOTOR NEURONS,VA12,"array([ 1.95480646, -4.64445781])"
298,MOTOR NEURONS,BODY MOTOR NEURONS,VB01,"array([ 1.94504953, -4.45169535])"
299,MOTOR NEURONS,BODY MOTOR NEURONS,VB02,"array([ 1.97686513, -4.47373907])"
300,MOTOR NEURONS,BODY MOTOR NEURONS,VB03,"array([ 2.02454384, -4.54054383])"
301,MOTOR NEURONS,BODY MOTOR NEURONS,VB04,"array([ 2.04326305, -4.55351019])"
302,MOTOR NEURONS,BODY MOTOR NEURONS,VB05,"array([ 2.04853534, -4.57200881])"
303,MOTOR NEURONS,BODY MOTOR NEURONS,VB06,"array([ 2.06527498, -4.57936151])"
304,MOTOR NEURONS,BODY MOTOR NEURONS,VB07,"array([ 2.05138105, -4.59785177])"
305,MOTOR NEURONS,BODY MOTOR NEURONS,VB08,"array([ 2.0498865 , -4.66513789])"
306,MOTOR NEURONS,BODY MOTOR NEURONS,VB09,"array([ 2.05170391, -4.72763583])"
307,MOTOR NEURONS,BODY MOTOR NEURONS,VB10,"array([ 1.94292587, -4.70561428])"
308,MOTOR NEURONS,BODY MOTOR NEURONS,VB11,"array([ 1.92875461, -4.67135442])"
309,MOTOR NEURONS,BODY MOTOR NEURONS,VD01,"array([ 1.9994515 , -4.45414798])"
310,MOTOR NEURONS,BODY MOTOR NEURONS,VD02,"array([ 2.00916417, -4.43850996])"
311,MOTOR NEURONS,BODY MOTOR NEURONS,VD03,"array([ 2.01395949, -4.47200173])"
312,MOTOR NEURONS,BODY MOTOR NEURONS,VD04,"array([ 2.0732731 , -4.50653848])"
313,MOTOR NEURONS,BODY MOTOR NEURONS,VD05,"array([ 2.05586  , -4.5051579])"
314,MOTOR NEURONS,BODY MOTOR NEURONS,VD06,"array([ 2.05363623, -4.53922774])"
315,MOTOR NEURONS,BODY MOTOR NEURONS,VD07,"array([ 2.08882078, -4.56228175])"
316,MOTOR NEURONS,BODY MOTOR NEURONS,VD08,"array([ 2.07574595, -4.60233404])"
317,MOTOR NEURONS,BODY MOTOR NEURONS,VD09,"array([ 2.06048398, -4.64097199])"
318,MOTOR NEURONS,BODY MOTOR NEURONS,VD10,"array([ 2.04657425, -4.68820471])"
319,MOTOR NEURONS,BODY MOTOR NEURONS,VD11,"array([ 1.97649643, -4.66050629])"
320,MOTOR NEURONS,BODY MOTOR NEURONS,VD12,"array([ 1.96419697, -4.67999296])"
321,MOTOR NEURONS,BODY MOTOR NEURONS,VD13,"array([ 1.94998626, -4.67063622])"
322,BODYWALL MUSCLES,BODY MOTOR NEURONS,dBWML1,"array([ 1.91321355, -4.2800902 ])"
323,BODYWALL MUSCLES,BODY MOTOR NEURONS,dBWML2,"array([ 1.88180015, -4.26892078])"
324,BODYWALL MUSCLES,BODY MOTOR NEURONS,dBWML3,"array([ 1.84846606, -4.2865272 ])"
325,BODYWALL MUSCLES,BODY MOTOR NEURONS,dBWML4,"array([ 1.89358579, -4.28731613])"
326,BODYWALL MUSCLES,BODY MOTOR NEURONS,dBWML5,"array([ 1.91256075, -4.36340639])"
327,BODYWALL MUSCLES,BODY MOTOR NEURONS,dBWML6,"array([ 1.93879981, -4.33318749])"
328,BODYWALL MUSCLES,BODY MOTOR NEURONS,dBWML7,"array([ 2.01315226, -4.33834717])"
329,BODYWALL MUSCLES,BODY MOTOR NEURONS,dBWMR1,"array([ 1.93664852, -4.27700999])"
330,BODYWALL MUSCLES,BODY MOTOR NEURONS,dBWMR2,"array([ 1.9074896 , -4.25591297])"
331,BODYWALL MUSCLES,BODY MOTOR NEURONS,dBWMR3,"array([ 1.86837121, -4.28696652])"
332,BODYWALL MUSCLES,BODY MOTOR NEURONS,dBWMR4,"array([ 1.90629059, -4.32806992])"
333,BODYWALL MUSCLES,BODY MOTOR NEURONS,dBWMR5,"array([ 1.90181751, -4.30941495])"
334,BODYWALL MUSCLES,BODY MOTOR NEURONS,dBWMR6,"array([ 1.97050696, -4.34590615])"
335,BODYWALL MUSCLES,BODY MOTOR NEURONS,dBWMR7,"array([ 1.98284653, -4.32764013])"
336,BODYWALL MUSCLES,BODY MOTOR NEURONS,vBWML1,"array([ 1.88210669, -4.30315692])"
337,BODYWALL MUSCLES,BODY MOTOR NEURONS,vBWML2,"array([ 1.92548467, -4.30361249])"
338,BODYWALL MUSCLES,BODY MOTOR NEURONS,vBWML3,"array([ 1.94637139, -4.30309418])"
339,BODYWALL MUSCLES,BODY MOTOR NEURONS,vBWML4,"array([ 1.92410376, -4.3231742 ])"
340,BODYWALL MUSCLES,BODY MOTOR NEURONS,vBWML5,"array([ 1.95629159, -4.3315038 ])"
341,BODYWALL MUSCLES,BODY MOTOR NEURONS,vBWML6,"array([ 1.96714335, -4.31787004])"
342,BODYWALL MUSCLES,BODY MOTOR NEURONS,vBWML7,"array([ 1.97920045, -4.37533088])"
343,BODYWALL MUSCLES,BODY MOTOR NEURONS,vBWMR1,"array([ 1.67509394, -4.47623126])"
344,BODYWALL MUSCLES,BODY MOTOR NEURONS,vBWMR2,"array([ 1.77508218, -4.32351599])"
345,BODYWALL MUSCLES,BODY MOTOR NEURONS,vBWMR3,"array([ 1.75474725, -4.40162674])"
346,BODYWALL MUSCLES,BODY MOTOR NEURONS,vBWMR4,"array([ 1.73927113, -4.38610063])"
347,BODYWALL MUSCLES,BODY MOTOR NEURONS,vBWMR5,"array([ 1.75943735, -4.42808815])"
348,BODYWALL MUSCLES,BODY MOTOR NEURONS,vBWMR6,"array([ 1.81257375, -4.40493874])"
349,BODYWALL MUSCLES,BODY MOTOR NEURONS,vBWMR7,"array([ 1.94035587, -4.35826819])"
350,BODYWALL MUSCLES,BODY MOTOR NEURONS,dBWML8,"array([ 2.01896148, -4.32072706])"
351,BODYWALL MUSCLES,BODY MOTOR NEURONS,dBWML9,"array([ 2.03049925, -4.35166936])"
352,BODYWALL MUSCLES,BODY MOTOR NEURONS,dBWML10,"array([ 2.04541725, -4.36105098])"
353,BODYWALL MUSCLES,BODY MOTOR NEURONS,dBWML11,"array([ 2.04337352, -4.3861336 ])"
354,BODYWALL MUSCLES,BODY MOTOR NEURONS,dBWML12,"array([ 2.0595172 , -4.39842793])"
355,BODYWALL MUSCLES,BODY MOTOR NEURONS,dBWML13,"array([ 2.04647875, -4.40999555])"
356,BODYWALL MUSCLES,BODY MOTOR NEURONS,dBWML14,"array([ 2.06047806, -4.42404989])"
357,BODYWALL MUSCLES,BODY MOTOR NEURONS,dBWML15,"array([ 2.07826514, -4.43158403])"
358,BODYWALL MUSCLES,BODY MOTOR NEURONS,dBWML16,"array([ 2.08034024, -4.46213329])"
359,BODYWALL MUSCLES,BODY MOTOR NEURONS,dBWML17,"array([ 2.1650199 , -4.55146799])"
360,BODYWALL MUSCLES,BODY MOTOR NEURONS,dBWML18,"array([ 2.17277239, -4.60019662])"
361,BODYWALL MUSCLES,BODY MOTOR NEURONS,dBWML19,"array([ 2.11091677, -4.64536352])"
362,BODYWALL MUSCLES,BODY MOTOR NEURONS,dBWML20,"array([ 2.09978105, -4.69648429])"
363,BODYWALL MUSCLES,BODY MOTOR NEURONS,dBWML21,"array([ 2.06567641, -4.70251267])"
364,BODYWALL MUSCLES,BODY MOTOR NEURONS,dBWML22,"array([ 2.02224728, -4.75105965])"
365,BODYWALL MUSCLES,BODY MOTOR NEURONS,dBWML23,"array([ 2.04930418, -4.76790122])"
366,BODYWALL MUSCLES,BODY MOTOR NEURONS,dBWML24,"array([ 1.99430407, -4.78668738])"
367,BODYWALL MUSCLES,BODY MOTOR NEURONS,dBWMR8,"array([ 2.04964058, -4.3276413 ])"
368,BODYWALL MUSCLES,BODY MOTOR NEURONS,dBWMR9,"array([ 2.06675011, -4.35363851])"
369,BODYWALL MUSCLES,BODY MOTOR NEURONS,dBWMR10,"array([ 2.06448453, -4.37624615])"
370,BODYWALL MUSCLES,BODY MOTOR NEURONS,dBWMR11,"array([ 2.08680306, -4.38728299])"
371,BODYWALL MUSCLES,BODY MOTOR NEURONS,dBWMR12,"array([ 2.07926463, -4.40684023])"
372,BODYWALL MUSCLES,BODY MOTOR NEURONS,dBWMR13,"array([ 2.0970424 , -4.41740368])"
373,BODYWALL MUSCLES,BODY MOTOR NEURONS,dBWMR14,"array([ 2.10860696, -4.4337278 ])"
374,BODYWALL MUSCLES,BODY MOTOR NEURONS,dBWMR15,"array([ 2.09914502, -4.44868495])"
375,BODYWALL MUSCLES,BODY MOTOR NEURONS,dBWMR16,"array([ 2.10090233, -4.47204667])"
376,BODYWALL MUSCLES,BODY MOTOR NEURONS,dBWMR17,"array([ 2.18103352, -4.57383363])"
377,BODYWALL MUSCLES,BODY MOTOR NEURONS,dBWMR18,"array([ 2.15474739, -4.57944888])"
378,BODYWALL MUSCLES,BODY MOTOR NEURONS,dBWMR19,"array([ 2.1191444 , -4.62465488])"
379,BODYWALL MUSCLES,BODY MOTOR NEURONS,dBWMR20,"array([ 2.12747569, -4.69701654])"
380,BODYWALL MUSCLES,BODY MOTOR NEURONS,dBWMR21,"array([ 2.08056245, -4.68757287])"
381,BODYWALL MUSCLES,BODY MOTOR NEURONS,dBWMR22,"array([ 1.99823038, -4.7333061 ])"
382,BODYWALL MUSCLES,BODY MOTOR NEURONS,dBWMR23,"array([ 1.99434515, -4.75786144])"
383,BODYWALL MUSCLES,BODY MOTOR NEURONS,dBWMR24,"array([ 2.02325461, -4.78211268])"
384,BODYWALL MUSCLES,BODY MOTOR NEURONS,vBWML8,"array([ 2.02552477, -4.3841835 ])"
385,BODYWALL MUSCLES,BODY MOTOR NEURONS,vBWML9,"array([ 1.97749052, -4.43237846])"
386,BODYWALL MUSCLES,BODY MOTOR NEURONS,vBWML10,"array([ 1.97994704, -4.48900718])"
387,BODYWALL MUSCLES,BODY MOTOR NEURONS,vBWML11,"array([ 1.96626731, -4.50271472])"
388,BODYWALL MUSCLES,BODY MOTOR NEURONS,vBWML12,"array([ 2.01932293, -4.51250072])"
389,BODYWALL MUSCLES,BODY MOTOR NEURONS,vBWML13,"array([ 2.03510541, -4.50525991])"
390,BODYWALL MUSCLES,BODY MOTOR NEURONS,vBWML14,"array([ 2.06226915, -4.48535449])"
391,BODYWALL MUSCLES,BODY MOTOR NEURONS,vBWML15,"array([ 1.99904778, -4.55894947])"
392,BODYWALL MUSCLES,BODY MOTOR NEURONS,vBWML16,"array([ 1.98152404, -4.55051503])"
393,BODYWALL MUSCLES,BODY MOTOR NEURONS,vBWML17,"array([ 2.14113094, -4.6406884 ])"
394,BODYWALL MUSCLES,BODY MOTOR NEURONS,vBWML18,"array([ 2.11241101, -4.67222615])"
395,BODYWALL MUSCLES,BODY MOTOR NEURONS,vBWML19,"array([ 2.03151782, -4.7177254 ])"
396,BODYWALL MUSCLES,BODY MOTOR NEURONS,vBWML20,"array([ 2.01803096, -4.70032223])"
397,BODYWALL MUSCLES,BODY MOTOR NEURONS,vBWML21,"array([ 1.9581911 , -4.72463853])"
398,BODYWALL MUSCLES,BODY MOTOR NEURONS,vBWML22,"array([ 1.89621944, -4.71301946])"
399,BODYWALL MUSCLES,BODY MOTOR NEURONS,vBWML23,"array([ 1.89722595, -4.76565544])"
400,BODYWALL MUSCLES,BODY MOTOR NEURONS,vBWMR8,"array([ 1.96070407, -4.4442679 ])"
401,BODYWALL MUSCLES,BODY MOTOR NEURONS,vBWMR9,"array([ 1.96044625, -4.48416397])"
402,BODYWALL MUSCLES,BODY MOTOR NEURONS,vBWMR10,"array([ 1.94064582, -4.54417872])"
403,BODYWALL MUSCLES,BODY MOTOR NEURONS,vBWMR11,"array([ 1.96680819, -4.52427936])"
404,BODYWALL MUSCLES,BODY MOTOR NEURONS,vBWMR12,"array([ 2.00405435, -4.48573265])"
405,BODYWALL MUSCLES,BODY MOTOR NEURONS,vBWMR13,"array([ 2.00506846, -4.50196738])"
406,BODYWALL MUSCLES,BODY MOTOR NEURONS,vBWMR14,"array([ 2.00471248, -4.54534726])"
407,BODYWALL MUSCLES,BODY MOTOR NEURONS,vBWMR15,"array([ 2.00648244, -4.52975873])"
408,BODYWALL MUSCLES,BODY MOTOR NEURONS,vBWMR16,"array([ 1.98314097, -4.56779569])"
409,BODYWALL MUSCLES,BODY MOTOR NEURONS,vBWMR17,"array([ 2.14962847, -4.62038416])"
410,BODYWALL MUSCLES,BODY MOTOR NEURONS,vBWMR18,"array([ 2.13499445, -4.66355325])"
411,BODYWALL MUSCLES,BODY MOTOR NEURONS,vBWMR19,"array([ 2.10257996, -4.72954123])"
412,BODYWALL MUSCLES,BODY MOTOR NEURONS,vBWMR20,"array([ 1.99620296, -4.66775945])"
413,BODYWALL MUSCLES,BODY MOTOR NEURONS,vBWMR21,"array([ 1.99777919, -4.70566651])"
414,BODYWALL MUSCLES,BODY MOTOR NEURONS,vBWMR22,"array([ 1.90587283, -4.68709545])"
415,BODYWALL MUSCLES,BODY MOTOR NEURONS,vBWMR23,"array([ 1.93078774, -4.74848663])"
416,BODYWALL MUSCLES,BODY MOTOR NEURONS,vBWMR24,"array([ 1.9309833 , -4.79562431])"
417,OTHER END ORGANS,BODY MOTOR NEURONS,CEPshDL,"array([ 1.70470199, -4.59468481])"
418,OTHER END ORGANS,BODY MOTOR NEURONS,CEPshDR,"array([ 1.82514567, -4.21644858])"
419,OTHER END ORGANS,BODY MOTOR NEURONS,CEPshVL,"array([ 1.72807054, -4.42780661])"
420,OTHER END ORGANS,BODY MOTOR NEURONS,CEPshVR,"array([ 1.72208795, -4.45933754])"
421,OTHER END ORGANS,BODY MOTOR NEURONS,GLRDL,"array([ 1.94433056, -3.3792084 ])"
422,OTHER END ORGANS,BODY MOTOR NEURONS,GLRDR,"array([ 1.84705459, -4.16613402])"
423,OTHER END ORGANS,BODY MOTOR NEURONS,GLRL,"array([ 2.17771894, -3.42647397])"
424,OTHER END ORGANS,BODY MOTOR NEURONS,GLRR,"array([ 1.70764034, -4.17680393])"
425,OTHER END ORGANS,BODY MOTOR NEURONS,GLRVL,"array([ 1.90830643, -4.20789989])"
426,OTHER END ORGANS,BODY MOTOR NEURONS,GLRVR,"array([ 1.95474877, -4.18646516])"
427,OTHER END ORGANS,BODY MOTOR NEURONS,CANL,"array([ 1.67358497, -4.6619337 ])"
428,OTHER END ORGANS,BODY MOTOR NEURONS,CANR,"array([ 1.69770638, -4.69522229])"
429,OTHER END ORGANS,BODY MOTOR NEURONS,exc_cell,"array([ 1.72967129, -4.72271363])"
430,OTHER END ORGANS,BODY MOTOR NEURONS,exc_gl,"array([ 1.98567577, -4.28739691])"
431,OTHER END ORGANS,BODY MOTOR NEURONS,hyp,"array([ 1.89764815, -4.52077081])"
432,OTHER END ORGANS,BODY MOTOR NEURONS,int,"array([ 1.85307013, -4.6917781 ])"
433,OTHER END ORGANS,BODY MOTOR NEURONS,mu_intL,"array([ 1.84293918, -4.82089282])"
434,OTHER END ORGANS,BODY MOTOR NEURONS,mu_intR,"array([ 1.80118879, -4.79956839])"
435,OTHER END ORGANS,BODY MOTOR NEURONS,mu_anal,"array([ 2.37623348, -3.50995581])"
436,OTHER END ORGANS,BODY MOTOR NEURONS,mu_sph,"array([ 2.7076562 , -3.78565136])"
437,SEX-SPECIFIC CELLS,BODY MOTOR NEURONS,HSNL,"array([ 1.84515055, -4.56403897])"
438,SEX-SPECIFIC CELLS,BODY MOTOR NEURONS,HSNR,"array([ 1.8946958 , -4.53865849])"
439,SEX-SPECIFIC CELLS,BODY MOTOR NEURONS,VC01,"array([ 1.98353617, -4.51602737])"
440,SEX-SPECIFIC CELLS,BODY MOTOR NEURONS,VC02,"array([ 1.98670679, -4.50319263])"
441,SEX-SPECIFIC CELLS,BODY MOTOR NEURONS,VC03,"array([ 1.98767936, -4.53273915])"
442,SEX-SPECIFIC CELLS,BODY MOTOR NEURONS,VC04,"array([ 1.86261698, -4.63156185])"
443,SEX-SPECIFIC CELLS,BODY MOTOR NEURONS,VC05,"array([ 1.85433012, -4.6089906 ])"
444,SEX-SPECIFIC CELLS,BODY MOTOR NEURONS,VC06,"array([ 2.02829341, -4.64065298])"
445,SEX-SPECIFIC CELLS,BODY MOTOR NEURONS,vm2AL,"array([ 1.81929786, -4.6816803 ])"
446,SEX-SPECIFIC CELLS,BODY MOTOR NEURONS,vm2AR,"array([ 1.81168452, -4.65579442])"
447,SEX-SPECIFIC CELLS,BODY MOTOR NEURONS,vm1AL,"array([ 2.55224872, -3.628633  ])"
448,SEX-SPECIFIC CELLS,BODY MOTOR NEURONS,vm1AR,"array([ 2.19438742, -4.53606899])"
449,SEX-SPECIFIC CELLS,BODY MOTOR NEURONS,vm1PL,"array([ 2.93004876, -4.27292913])"
450,SEX-SPECIFIC CELLS,BODY MOTOR NEURONS,vm1PR,"array([ 2.8382619 , -3.99083829])"
451,SEX-SPECIFIC CELLS,BODY MOTOR NEURONS,vm2PL,"array([ 1.77651727, -4.64385709])"
452,SEX-SPECIFIC CELLS,BODY MOTOR NEURONS,vm2PR,"array([ 1.79010321, -4.66877999])"
