Arazi,Algoritma,Final_Hata
Sphere,0_PSO_Klasik,4.9119693692160894e-29
Sphere,Fly_Kör_Yok_Sabit,0.0025408922228962183
Sphere,Fly_Kör_Yok_Yorulan,0.01065876055508852
Sphere,Fly_Kör_Yan_Lob_Sabit,0.004367788787931204
Sphere,Fly_Kör_Yan_Lob_Yorulan,0.016702987253665924
Sphere,Fly_Kör_Ana_Lob_Sabit,8.519691618857905e-06
Sphere,Fly_Kör_Ana_Lob_Yorulan,7.204495773294184e-07
Sphere,Fly_Anlık_Yok_Sabit,1.8414810938338633e-06
Sphere,Fly_Anlık_Yok_Yorulan,6.767556470776981e-08
Sphere,Fly_Anlık_Yan_Lob_Sabit,0.015431812033057213
Sphere,Fly_Anlık_Yan_Lob_Yorulan,0.08596183359622955
Sphere,Fly_Anlık_Ana_Lob_Sabit,2.477671330325393e-07
Sphere,Fly_Anlık_Ana_Lob_Yorulan,6.526653351102141e-07
Sphere,Fly_Hafızalı_Yok_Sabit,1.8691002878767904e-06
Sphere,Fly_Hafızalı_Yok_Yorulan,9.586690907781303e-08
Sphere,Fly_Hafızalı_Yan_Lob_Sabit,0.047022297978401184
Sphere,Fly_Hafızalı_Yan_Lob_Yorulan,5.743934821111907e-07
Sphere,Fly_Hafızalı_Ana_Lob_Sabit,6.327025039354339e-05
Sphere,Fly_Hafızalı_Ana_Lob_Yorulan,2.8770520657417364e-05
Rastrigin,0_PSO_Klasik,0.0
Rastrigin,Fly_Kör_Yok_Sabit,1.561380386352539
Rastrigin,Fly_Kör_Yok_Yorulan,0.5869026184082031
Rastrigin,Fly_Kör_Yan_Lob_Sabit,1.0555706024169922
Rastrigin,Fly_Kör_Yan_Lob_Yorulan,0.06691360473632812
Rastrigin,Fly_Kör_Ana_Lob_Sabit,0.7588005065917969
Rastrigin,Fly_Kör_Ana_Lob_Yorulan,0.034778594970703125
Rastrigin,Fly_Anlık_Yok_Sabit,1.0107536315917969
Rastrigin,Fly_Anlık_Yok_Yorulan,0.047107696533203125
Rastrigin,Fly_Anlık_Yan_Lob_Sabit,1.7738418579101562
Rastrigin,Fly_Anlık_Yan_Lob_Yorulan,1.0190963745117188
Rastrigin,Fly_Anlık_Ana_Lob_Sabit,0.90850830078125
Rastrigin,Fly_Anlık_Ana_Lob_Yorulan,0.053752899169921875
Rastrigin,Fly_Hafızalı_Yok_Sabit,0.2181224822998047
Rastrigin,Fly_Hafızalı_Yok_Yorulan,0.21114349365234375
Rastrigin,Fly_Hafızalı_Yan_Lob_Sabit,1.616973876953125
Rastrigin,Fly_Hafızalı_Yan_Lob_Yorulan,1.5215644836425781
Rastrigin,Fly_Hafızalı_Ana_Lob_Sabit,1.0425300598144531
Rastrigin,Fly_Hafızalı_Ana_Lob_Yorulan,0.9010200500488281
Ackley,0_PSO_Klasik,9.5367431640625e-07
Ackley,Fly_Kör_Yok_Sabit,0.3637971878051758
Ackley,Fly_Kör_Yok_Yorulan,0.23514080047607422
Ackley,Fly_Kör_Yan_Lob_Sabit,1.3137922286987305
Ackley,Fly_Kör_Yan_Lob_Yorulan,1.0756807327270508
Ackley,Fly_Kör_Ana_Lob_Sabit,0.10688495635986328
Ackley,Fly_Kör_Ana_Lob_Yorulan,0.02875995635986328
Ackley,Fly_Anlık_Yok_Sabit,0.16762256622314453
Ackley,Fly_Anlık_Yok_Yorulan,0.4929990768432617
Ackley,Fly_Anlık_Yan_Lob_Sabit,0.09862041473388672
Ackley,Fly_Anlık_Yan_Lob_Yorulan,0.33168697357177734
Ackley,Fly_Anlık_Ana_Lob_Sabit,0.03333759307861328
Ackley,Fly_Anlık_Ana_Lob_Yorulan,0.011792182922363281
Ackley,Fly_Hafızalı_Yok_Sabit,0.02373790740966797
Ackley,Fly_Hafızalı_Yok_Yorulan,0.01863384246826172
Ackley,Fly_Hafızalı_Yan_Lob_Sabit,0.8466310501098633
Ackley,Fly_Hafızalı_Yan_Lob_Yorulan,0.014937400817871094
Ackley,Fly_Hafızalı_Ana_Lob_Sabit,0.02158641815185547
Ackley,Fly_Hafızalı_Ana_Lob_Yorulan,0.01867198944091797
Rosenbrock,0_PSO_Klasik,0.0
Rosenbrock,Fly_Kör_Yok_Sabit,0.05140684172511101
Rosenbrock,Fly_Kör_Yok_Yorulan,0.04660549759864807
Rosenbrock,Fly_Kör_Yan_Lob_Sabit,0.047944989055395126
Rosenbrock,Fly_Kör_Yan_Lob_Yorulan,0.02250342257320881
Rosenbrock,Fly_Kör_Ana_Lob_Sabit,0.06843148171901703
Rosenbrock,Fly_Kör_Ana_Lob_Yorulan,0.015507938340306282
Rosenbrock,Fly_Anlık_Yok_Sabit,0.2087298035621643
Rosenbrock,Fly_Anlık_Yok_Yorulan,0.01052249874919653
Rosenbrock,Fly_Anlık_Yan_Lob_Sabit,0.04283031448721886
Rosenbrock,Fly_Anlık_Yan_Lob_Yorulan,0.45647233724594116
Rosenbrock,Fly_Anlık_Ana_Lob_Sabit,0.009295899420976639
Rosenbrock,Fly_Anlık_Ana_Lob_Yorulan,0.03441678732633591
Rosenbrock,Fly_Hafızalı_Yok_Sabit,0.4506392180919647
Rosenbrock,Fly_Hafızalı_Yok_Yorulan,0.5444578528404236
Rosenbrock,Fly_Hafızalı_Yan_Lob_Sabit,0.015941230580210686
Rosenbrock,Fly_Hafızalı_Yan_Lob_Yorulan,0.08229272067546844
Rosenbrock,Fly_Hafızalı_Ana_Lob_Sabit,0.01264718733727932
Rosenbrock,Fly_Hafızalı_Ana_Lob_Yorulan,0.03494599834084511
Beale,0_PSO_Klasik,0.0
Beale,Fly_Kör_Yok_Sabit,0.018934279680252075
Beale,Fly_Kör_Yok_Yorulan,0.002817234257236123
Beale,Fly_Kör_Yan_Lob_Sabit,0.0020020848605781794
Beale,Fly_Kör_Yan_Lob_Yorulan,0.00338285556063056
Beale,Fly_Kör_Ana_Lob_Sabit,0.001036560395732522
Beale,Fly_Kör_Ana_Lob_Yorulan,8.994773088488728e-05
Beale,Fly_Anlık_Yok_Sabit,0.004758520517498255
Beale,Fly_Anlık_Yok_Yorulan,0.09254448115825653
Beale,Fly_Anlık_Yan_Lob_Sabit,0.02228458598256111
Beale,Fly_Anlık_Yan_Lob_Yorulan,0.06582179665565491
Beale,Fly_Anlık_Ana_Lob_Sabit,3.8093476177891716e-06
Beale,Fly_Anlık_Ana_Lob_Yorulan,2.8616112103918567e-05
Beale,Fly_Hafızalı_Yok_Sabit,0.053194429725408554
Beale,Fly_Hafızalı_Yok_Yorulan,0.05705871060490608
Beale,Fly_Hafızalı_Yan_Lob_Sabit,0.1672581434249878
Beale,Fly_Hafızalı_Yan_Lob_Yorulan,0.01267293281853199
Beale,Fly_Hafızalı_Ana_Lob_Sabit,5.852248796145432e-05
Beale,Fly_Hafızalı_Ana_Lob_Yorulan,7.4046101872227155e-06
