Iterasyon,0_PSO_Klasik,Fly_Kör_Yok_Sabit,Fly_Kör_Yok_Yorulan,Fly_Kör_Yan_Lob_Sabit,Fly_Kör_Yan_Lob_Yorulan,Fly_Kör_Ana_Lob_Sabit,Fly_Kör_Ana_Lob_Yorulan,Fly_Anlık_Yok_Sabit,Fly_Anlık_Yok_Yorulan,Fly_Anlık_Yan_Lob_Sabit,Fly_Anlık_Yan_Lob_Yorulan,Fly_Anlık_Ana_Lob_Sabit,Fly_Anlık_Ana_Lob_Yorulan,Fly_Hafızalı_Yok_Sabit,Fly_Hafızalı_Yok_Yorulan,Fly_Hafızalı_Yan_Lob_Sabit,Fly_Hafızalı_Yan_Lob_Yorulan,Fly_Hafızalı_Ana_Lob_Sabit,Fly_Hafızalı_Ana_Lob_Yorulan
1,1.59423828125,1.0392417907714844,2.8168182373046875,1.832427978515625,2.863666534423828,2.3613719940185547,2.210660934448242,2.140239715576172,1.5760612487792969,0.084228515625,1.1523094177246094,2.3689727783203125,1.1209983825683594,3.519105911254883,1.301605224609375,1.132232666015625,3.297628402709961,0.46325111389160156,1.74560546875
2,1.2793655395507812,1.0392417907714844,2.8168182373046875,1.832427978515625,2.794036865234375,2.3613719940185547,2.210660934448242,1.9952239990234375,1.1085929870605469,0.084228515625,1.1523094177246094,2.3689727783203125,1.1209983825683594,3.519105911254883,1.301605224609375,1.132232666015625,3.297628402709961,0.46325111389160156,1.74560546875
3,0.085906982421875,1.0392417907714844,2.8168182373046875,1.832427978515625,2.5297985076904297,2.3613719940185547,2.210660934448242,1.9952239990234375,1.1085929870605469,0.084228515625,1.1523094177246094,2.3689727783203125,1.1209983825683594,3.0790767669677734,1.301605224609375,1.0703067779541016,3.297628402709961,0.46325111389160156,1.74560546875
4,0.085906982421875,1.0392417907714844,2.8168182373046875,1.832427978515625,1.5474395751953125,2.3613719940185547,2.210660934448242,1.9952239990234375,1.1085929870605469,0.084228515625,1.1523094177246094,2.3689727783203125,1.1209983825683594,2.3944225311279297,1.301605224609375,1.0516033172607422,3.297628402709961,0.46325111389160156,1.74560546875
5,0.0450439453125,1.0392417907714844,2.8168182373046875,1.832427978515625,1.5474395751953125,2.3613719940185547,2.210660934448242,1.9952239990234375,0.8132457733154297,0.084228515625,1.1523094177246094,2.3689727783203125,1.1209983825683594,2.3944225311279297,1.301605224609375,1.0516033172607422,3.297628402709961,0.46325111389160156,1.74560546875
6,0.0450439453125,1.0392417907714844,2.8168182373046875,1.832427978515625,1.5474395751953125,2.3613719940185547,2.210660934448242,1.9952239990234375,0.06015205383300781,0.084228515625,1.1523094177246094,2.3689727783203125,1.1209983825683594,2.055685043334961,1.301605224609375,1.0516033172607422,3.297628402709961,0.11263656616210938,1.74560546875
7,0.00145721435546875,1.0392417907714844,2.8168182373046875,1.832427978515625,1.5474395751953125,2.3613719940185547,2.210660934448242,1.7158088684082031,0.052227020263671875,0.084228515625,1.1523094177246094,2.3689727783203125,1.1209983825683594,1.7817039489746094,0.47400665283203125,1.0516033172607422,3.297628402709961,0.091064453125,1.74560546875
8,0.00145721435546875,1.0392417907714844,2.8168182373046875,1.832427978515625,1.5474395751953125,2.3613719940185547,2.210660934448242,1.2129192352294922,0.052227020263671875,0.084228515625,1.1523094177246094,2.3689727783203125,1.1209983825683594,1.1087608337402344,0.0536346435546875,1.0516033172607422,3.297628402709961,0.02495574951171875,1.74560546875
9,0.00145721435546875,1.0392417907714844,2.8168182373046875,1.832427978515625,1.5474395751953125,2.3613719940185547,2.210660934448242,1.0019454956054688,0.052227020263671875,0.084228515625,1.1523094177246094,2.3689727783203125,1.1209983825683594,1.1087608337402344,0.0536346435546875,1.0516033172607422,3.297628402709961,0.02495574951171875,1.74560546875
10,0.00145721435546875,1.0392417907714844,2.8168182373046875,1.832427978515625,1.5474395751953125,2.3613719940185547,2.210660934448242,1.0019454956054688,0.052227020263671875,0.084228515625,1.1523094177246094,2.3689727783203125,1.1209983825683594,1.1022815704345703,0.0536346435546875,1.0516033172607422,3.297628402709961,0.02495574951171875,1.74560546875
11,0.00145721435546875,1.0392417907714844,2.8168182373046875,1.832427978515625,1.5474395751953125,2.3613719940185547,1.4394454956054688,1.0019454956054688,0.052227020263671875,0.084228515625,1.1523094177246094,2.3689727783203125,1.1209983825683594,1.0125236511230469,0.0536346435546875,1.0516033172607422,3.297628402709961,0.02495574951171875,1.74560546875
12,0.00145721435546875,1.0392417907714844,2.8168182373046875,1.832427978515625,1.5474395751953125,2.3613719940185547,1.331289291381836,1.0019454956054688,0.052227020263671875,0.084228515625,1.1523094177246094,2.3689727783203125,1.1209983825683594,1.0125236511230469,0.0536346435546875,1.0516033172607422,3.297628402709961,0.02495574951171875,1.74560546875
13,0.0014190673828125,1.0392417907714844,2.8168182373046875,1.832427978515625,1.5474395751953125,2.3613719940185547,1.2783088684082031,1.0019454956054688,0.052227020263671875,0.084228515625,1.1456260681152344,2.3689727783203125,1.1209983825683594,1.0125236511230469,0.0536346435546875,1.0516033172607422,3.297628402709961,0.02495574951171875,1.74560546875
14,0.000446319580078125,1.0392417907714844,2.8168182373046875,1.832427978515625,1.5474395751953125,2.3613719940185547,0.99951171875,1.0019454956054688,0.052227020263671875,0.084228515625,1.1456260681152344,2.3689727783203125,1.1209983825683594,1.0125236511230469,0.0536346435546875,1.0516033172607422,3.297628402709961,0.02495574951171875,1.74560546875
15,0.000274658203125,1.0392417907714844,2.8168182373046875,1.832427978515625,1.5474395751953125,2.3613719940185547,0.99951171875,1.0019454956054688,0.052227020263671875,0.084228515625,1.1389293670654297,2.3689727783203125,1.1209983825683594,1.0125236511230469,0.0536346435546875,1.0516033172607422,3.297628402709961,0.02495574951171875,1.74560546875
16,0.000274658203125,1.0392417907714844,2.8168182373046875,1.832427978515625,1.5474395751953125,2.3613719940185547,0.99951171875,1.0019454956054688,0.052227020263671875,0.084228515625,1.1383438110351562,2.3689727783203125,1.1209983825683594,1.0125236511230469,0.0536346435546875,1.0516033172607422,3.297628402709961,0.02495574951171875,1.74560546875
17,0.0001163482666015625,1.0392417907714844,2.8168182373046875,1.832427978515625,1.5474395751953125,2.3613719940185547,0.99951171875,1.0019454956054688,0.052227020263671875,0.084228515625,1.1326484680175781,2.3689727783203125,1.1209983825683594,1.0125236511230469,0.0536346435546875,1.0516033172607422,3.297628402709961,0.02495574951171875,1.74560546875
18,0.0001163482666015625,1.0392417907714844,2.8168182373046875,1.832427978515625,1.5474395751953125,2.3613719940185547,0.99951171875,1.0019454956054688,0.052227020263671875,0.084228515625,1.131256103515625,2.3689727783203125,1.1209983825683594,1.0125236511230469,0.0536346435546875,1.0516033172607422,3.297628402709961,0.02495574951171875,1.74560546875
19,6.866455078125e-05,1.0392417907714844,2.8168182373046875,1.832427978515625,1.5474395751953125,2.3613719940185547,0.99951171875,1.0019454956054688,0.052227020263671875,0.084228515625,1.1264991760253906,2.3689727783203125,1.1209983825683594,1.0125236511230469,0.0536346435546875,1.0516033172607422,3.297628402709961,0.02495574951171875,1.74560546875
20,2.09808349609375e-05,1.0392417907714844,2.8168182373046875,1.832427978515625,1.5474395751953125,2.3613719940185547,0.99951171875,1.0019454956054688,0.052227020263671875,0.084228515625,1.1243553161621094,2.3689727783203125,1.1209983825683594,0.6936302185058594,0.0536346435546875,1.0516033172607422,3.297628402709961,0.02495574951171875,1.74560546875
21,3.814697265625e-06,1.0392417907714844,2.8168182373046875,1.832427978515625,1.5474395751953125,2.3613719940185547,0.99951171875,1.0019454956054688,0.052227020263671875,0.084228515625,1.1204795837402344,2.3689727783203125,1.1209983825683594,0.15266799926757812,0.0536346435546875,1.0516033172607422,3.297628402709961,0.02495574951171875,1.74560546875
22,3.814697265625e-06,1.0392417907714844,2.8168182373046875,1.832427978515625,1.5474395751953125,2.3613719940185547,0.99951171875,1.0019454956054688,0.052227020263671875,0.084228515625,1.1176433563232422,2.3689727783203125,1.1209983825683594,0.013599395751953125,0.0536346435546875,1.0516033172607422,3.297628402709961,0.02495574951171875,1.74560546875
23,3.814697265625e-06,1.0392417907714844,2.8168182373046875,1.832427978515625,1.5474395751953125,2.3613719940185547,0.99951171875,1.0019454956054688,0.052227020263671875,0.084228515625,1.114593505859375,2.3689727783203125,1.1209983825683594,0.013599395751953125,0.0536346435546875,1.0516033172607422,3.297628402709961,0.02495574951171875,1.74560546875
24,3.814697265625e-06,1.0392417907714844,2.8168182373046875,1.832427978515625,1.5474395751953125,2.3613719940185547,0.99951171875,1.0019454956054688,0.052227020263671875,0.084228515625,1.1111183166503906,2.3689727783203125,1.1209983825683594,0.013599395751953125,0.0536346435546875,1.0516033172607422,3.297628402709961,0.02495574951171875,1.74560546875
25,1.9073486328125e-06,1.0392417907714844,2.8168182373046875,1.832427978515625,1.5474395751953125,2.3613719940185547,0.99951171875,1.0019454956054688,0.052227020263671875,0.084228515625,1.1088390350341797,2.3689727783203125,1.1209983825683594,0.013599395751953125,0.0536346435546875,1.0516033172607422,3.297628402709961,0.02495574951171875,1.74560546875
26,0.0,1.0392417907714844,2.8168182373046875,1.832427978515625,1.5474395751953125,2.3613719940185547,0.99951171875,1.0019454956054688,0.052227020263671875,0.084228515625,1.1047821044921875,2.3689727783203125,1.1209983825683594,0.013599395751953125,0.0536346435546875,1.0516033172607422,3.297628402709961,0.02495574951171875,1.74560546875
27,0.0,1.0392417907714844,2.8168182373046875,1.832427978515625,1.5474395751953125,2.3613719940185547,0.99951171875,1.0019454956054688,0.052227020263671875,0.084228515625,1.1032180786132812,2.3689727783203125,1.1209983825683594,0.013599395751953125,0.0536346435546875,1.0516033172607422,3.297628402709961,0.02495574951171875,1.74560546875
28,0.0,1.0392417907714844,2.8168182373046875,1.832427978515625,1.5474395751953125,2.3613719940185547,0.99951171875,1.0019454956054688,0.052227020263671875,0.084228515625,1.0986328125,2.3689727783203125,1.1209983825683594,0.013599395751953125,0.0536346435546875,1.0516033172607422,3.297628402709961,0.02495574951171875,1.74560546875
29,0.0,1.0392417907714844,2.8103904724121094,1.832427978515625,1.5474395751953125,2.3613719940185547,0.99951171875,1.0019454956054688,0.052227020263671875,0.084228515625,1.0977325439453125,2.3689727783203125,1.1209983825683594,0.013599395751953125,0.0536346435546875,1.0516033172607422,3.297628402709961,0.02495574951171875,1.74560546875
30,0.0,1.0392417907714844,2.8103904724121094,1.832427978515625,1.5474395751953125,2.3613719940185547,0.99951171875,1.0019454956054688,0.052227020263671875,0.084228515625,1.0926704406738281,2.3689727783203125,1.1209983825683594,0.013599395751953125,0.0536346435546875,1.0516033172607422,3.297628402709961,0.02495574951171875,1.74560546875
31,0.0,1.0392417907714844,2.8103904724121094,1.832427978515625,1.5474395751953125,2.3613719940185547,0.99951171875,1.0019454956054688,0.052227020263671875,0.084228515625,1.0923805236816406,2.3689727783203125,1.1209983825683594,0.013599395751953125,0.0536346435546875,1.0516033172607422,3.297628402709961,0.02495574951171875,1.74560546875
32,0.0,1.0392417907714844,2.8103904724121094,1.832427978515625,1.5474395751953125,2.3613719940185547,0.99951171875,1.0019454956054688,0.052227020263671875,0.084228515625,1.0868873596191406,2.3689727783203125,1.1209983825683594,0.013599395751953125,0.0536346435546875,1.0516033172607422,3.297628402709961,0.02495574951171875,1.74560546875
33,0.0,1.0392417907714844,2.8103904724121094,1.832427978515625,1.5474395751953125,2.3613719940185547,0.99951171875,1.0019454956054688,0.052227020263671875,0.084228515625,1.0868873596191406,2.3689727783203125,1.1209983825683594,0.013599395751953125,0.0536346435546875,1.0516033172607422,3.297628402709961,0.02495574951171875,1.74560546875
34,0.0,1.0392417907714844,2.8103904724121094,1.832427978515625,1.5474395751953125,2.3613719940185547,0.99951171875,1.0019454956054688,0.052227020263671875,0.084228515625,1.081838607788086,2.3689727783203125,1.1209983825683594,0.013599395751953125,0.0536346435546875,1.0516033172607422,3.297628402709961,0.02495574951171875,1.74560546875
35,0.0,1.0392417907714844,2.8103904724121094,1.832427978515625,1.5474395751953125,2.3613719940185547,0.99951171875,1.0019454956054688,0.052227020263671875,0.084228515625,1.0812969207763672,2.3689727783203125,1.1209983825683594,0.013599395751953125,0.0536346435546875,1.0516033172607422,3.297628402709961,0.02495574951171875,1.74560546875
36,0.0,1.0392417907714844,2.8103904724121094,1.832427978515625,1.5474395751953125,2.3613719940185547,0.99951171875,1.0019454956054688,0.052227020263671875,0.084228515625,1.076904296875,2.3689727783203125,1.1209983825683594,0.013599395751953125,0.0536346435546875,1.0516033172607422,3.297628402709961,0.02495574951171875,1.74560546875
37,0.0,1.0392417907714844,2.8103904724121094,1.832427978515625,1.5474395751953125,2.3613719940185547,0.99951171875,1.0019454956054688,0.052227020263671875,0.084228515625,1.0758895874023438,2.3689727783203125,1.1209983825683594,0.013599395751953125,0.0536346435546875,1.0516033172607422,3.297628402709961,0.02495574951171875,1.74560546875
38,0.0,1.0392417907714844,2.8103904724121094,1.832427978515625,1.5474395751953125,2.3613719940185547,0.99951171875,1.0019454956054688,0.052227020263671875,0.084228515625,1.0721092224121094,2.3689727783203125,1.1209983825683594,0.013599395751953125,0.0536346435546875,1.0516033172607422,3.297628402709961,0.02495574951171875,1.74560546875
39,0.0,1.0392417907714844,2.8103904724121094,1.832427978515625,1.5474395751953125,2.3613719940185547,0.99951171875,1.0019454956054688,0.052227020263671875,0.084228515625,1.0311088562011719,2.3689727783203125,1.1209983825683594,0.013599395751953125,0.0536346435546875,1.0516033172607422,3.297628402709961,0.02495574951171875,1.74560546875
40,0.0,1.0392417907714844,2.8103904724121094,1.832427978515625,1.5474395751953125,2.3613719940185547,0.99951171875,1.0019454956054688,0.052227020263671875,0.084228515625,1.0311088562011719,2.3689727783203125,1.1209983825683594,0.013599395751953125,0.0536346435546875,1.0516033172607422,3.297628402709961,0.02495574951171875,1.74560546875
41,0.0,1.0392417907714844,2.8103904724121094,1.832427978515625,1.5474395751953125,2.3613719940185547,0.99951171875,1.0019454956054688,0.052227020263671875,0.084228515625,1.0311088562011719,2.3689727783203125,1.1209983825683594,0.013599395751953125,0.0536346435546875,1.0516033172607422,3.297628402709961,0.02495574951171875,1.74560546875
42,0.0,1.0392417907714844,2.8103904724121094,1.832427978515625,1.5474395751953125,2.3613719940185547,0.99951171875,1.0019454956054688,0.052227020263671875,0.084228515625,1.0311088562011719,2.3689727783203125,1.1209983825683594,0.013599395751953125,0.0536346435546875,1.0516033172607422,3.297628402709961,0.02495574951171875,1.74560546875
43,0.0,1.0392417907714844,2.8103904724121094,1.832427978515625,1.5474395751953125,2.3613719940185547,0.99951171875,1.0019454956054688,0.052227020263671875,0.084228515625,1.0311088562011719,2.3689727783203125,1.1209983825683594,0.013599395751953125,0.0536346435546875,1.0516033172607422,3.297628402709961,0.02495574951171875,1.74560546875
44,0.0,1.0392417907714844,2.8103904724121094,1.832427978515625,1.5474395751953125,2.3613719940185547,0.99951171875,1.0019454956054688,0.052227020263671875,0.084228515625,1.0311088562011719,2.3689727783203125,1.1209983825683594,0.013599395751953125,0.0536346435546875,1.0516033172607422,3.297628402709961,0.02495574951171875,1.74560546875
45,0.0,1.0392417907714844,2.8103904724121094,1.832427978515625,1.5474395751953125,2.3613719940185547,0.99951171875,1.0019454956054688,0.052227020263671875,0.084228515625,1.0311088562011719,2.3689727783203125,1.1209983825683594,0.013599395751953125,0.0536346435546875,1.0516033172607422,3.297628402709961,0.02495574951171875,1.74560546875
46,0.0,1.0392417907714844,2.8103904724121094,1.832427978515625,1.5474395751953125,2.3613719940185547,0.99951171875,1.0019454956054688,0.05059814453125,0.084228515625,1.0311088562011719,2.3689727783203125,1.1209983825683594,0.013599395751953125,0.0536346435546875,1.0516033172607422,3.297628402709961,0.02495574951171875,1.74560546875
47,0.0,1.0392417907714844,2.8103904724121094,1.832427978515625,1.5474395751953125,2.3613719940185547,0.99951171875,1.0019454956054688,0.05059814453125,0.084228515625,1.0311088562011719,2.3689727783203125,1.1209983825683594,0.013599395751953125,0.0536346435546875,1.0516033172607422,3.297628402709961,0.02495574951171875,1.74560546875
48,0.0,1.0392417907714844,2.8103904724121094,1.832427978515625,1.5474395751953125,2.3613719940185547,0.99951171875,1.0019454956054688,0.05059814453125,0.084228515625,1.0311088562011719,2.3689727783203125,1.1209983825683594,0.013599395751953125,0.0536346435546875,1.0516033172607422,3.297628402709961,0.02495574951171875,1.74560546875
49,0.0,1.0392417907714844,2.8103904724121094,1.832427978515625,1.5474395751953125,2.3613719940185547,0.99951171875,1.0019454956054688,0.05059814453125,0.084228515625,1.0311088562011719,2.3689727783203125,1.1209983825683594,0.013599395751953125,0.0536346435546875,1.0516033172607422,3.297628402709961,0.02495574951171875,1.74560546875
50,0.0,1.0392417907714844,2.8103904724121094,1.832427978515625,1.5474395751953125,2.3613719940185547,0.99951171875,1.0019454956054688,0.05059814453125,0.084228515625,1.0311088562011719,2.3689727783203125,1.1209983825683594,0.013599395751953125,0.0536346435546875,1.0516033172607422,3.297628402709961,0.02495574951171875,1.74560546875
51,0.0,1.0392417907714844,2.8103904724121094,1.832427978515625,1.5474395751953125,2.3613719940185547,0.99951171875,1.0019454956054688,0.04908180236816406,0.084228515625,1.0311088562011719,2.3689727783203125,1.1209983825683594,0.013599395751953125,0.0536346435546875,1.0516033172607422,3.297628402709961,0.02495574951171875,1.74560546875
52,0.0,1.0392417907714844,2.8103904724121094,1.832427978515625,1.5474395751953125,2.3613719940185547,0.99951171875,1.0019454956054688,0.046520233154296875,0.084228515625,1.0311088562011719,2.3689727783203125,1.1209983825683594,0.013599395751953125,0.0536346435546875,1.0516033172607422,3.297628402709961,0.02495574951171875,1.74560546875
53,0.0,1.0392417907714844,2.8103904724121094,1.832427978515625,1.5474395751953125,2.3613719940185547,0.99951171875,1.0019454956054688,0.04534339904785156,0.084228515625,1.0311088562011719,2.3689727783203125,1.1209983825683594,0.013599395751953125,0.0536346435546875,1.0516033172607422,3.297628402709961,0.02495574951171875,1.74560546875
54,0.0,1.0392417907714844,2.8103904724121094,1.832427978515625,1.5474395751953125,2.3613719940185547,0.99951171875,1.0019454956054688,0.042621612548828125,0.084228515625,1.0311088562011719,2.3689727783203125,1.1209983825683594,0.013599395751953125,0.0536346435546875,1.0516033172607422,3.297628402709961,0.02495574951171875,1.74560546875
55,0.0,1.0392417907714844,2.8103904724121094,1.832427978515625,1.5474395751953125,2.3613719940185547,0.99951171875,1.0019454956054688,0.041748046875,0.084228515625,1.0311088562011719,2.3689727783203125,1.1209983825683594,0.013599395751953125,0.0536346435546875,1.0516033172607422,3.297628402709961,0.02495574951171875,1.74560546875
56,0.0,1.0392417907714844,2.8103904724121094,1.832427978515625,1.5474395751953125,2.3613719940185547,0.99951171875,1.0019454956054688,0.0388946533203125,0.084228515625,1.0311088562011719,2.3689727783203125,1.1209983825683594,0.013599395751953125,0.0536346435546875,1.0516033172607422,3.297628402709961,0.02495574951171875,1.74560546875
57,0.0,1.0392417907714844,2.8103904724121094,1.832427978515625,1.5474395751953125,2.3613719940185547,0.99951171875,1.0019454956054688,0.038295745849609375,0.084228515625,1.0311088562011719,2.3689727783203125,1.1209983825683594,0.013599395751953125,0.0536346435546875,1.0516033172607422,3.297628402709961,0.02495574951171875,1.74560546875
58,0.0,1.0392417907714844,2.8103904724121094,1.832427978515625,1.5474395751953125,2.3613719940185547,0.99951171875,1.0019454956054688,0.03534698486328125,0.084228515625,1.0311088562011719,2.3689727783203125,1.1209983825683594,0.013599395751953125,0.0536346435546875,1.0516033172607422,3.297628402709961,0.02495574951171875,1.74560546875
59,0.0,1.0392417907714844,2.8103904724121094,1.832427978515625,1.5474395751953125,2.3613719940185547,0.99951171875,1.0019454956054688,0.03498649597167969,0.084228515625,1.0311088562011719,2.3689727783203125,1.1209983825683594,0.013599395751953125,0.0536346435546875,1.0516033172607422,3.297628402709961,0.02495574951171875,1.74560546875
60,0.0,1.0392417907714844,2.8103904724121094,1.832427978515625,1.5474395751953125,2.3613719940185547,0.99951171875,1.0019454956054688,0.031970977783203125,0.084228515625,1.0311088562011719,2.3689727783203125,1.1209983825683594,0.013599395751953125,0.0536346435546875,1.0516033172607422,3.297628402709961,0.02495574951171875,1.74560546875
61,0.0,1.0392417907714844,2.8103904724121094,1.832427978515625,1.5474395751953125,2.3613719940185547,0.99951171875,1.0019454956054688,0.03182220458984375,0.084228515625,1.0311088562011719,2.3689727783203125,1.1209983825683594,0.013599395751953125,0.0536346435546875,1.0516033172607422,3.297628402709961,0.02495574951171875,1.74560546875
62,0.0,1.0392417907714844,2.8103904724121094,1.832427978515625,1.5474395751953125,2.3613719940185547,0.99951171875,1.0019454956054688,0.02877044677734375,0.084228515625,1.0311088562011719,2.3689727783203125,1.1209983825683594,0.013599395751953125,0.0536346435546875,1.0516033172607422,3.297628402709961,0.02495574951171875,1.74560546875
63,0.0,1.0392417907714844,2.8103904724121094,1.832427978515625,1.5474395751953125,2.3613719940185547,0.99951171875,1.0019454956054688,0.02877044677734375,0.084228515625,1.030649185180664,2.3689727783203125,1.1209983825683594,0.013599395751953125,0.0536346435546875,1.0516033172607422,3.297628402709961,0.02495574951171875,1.74560546875
64,0.0,1.0392417907714844,2.8103904724121094,1.832427978515625,1.5474395751953125,2.3613719940185547,0.99951171875,1.0019454956054688,0.025859832763671875,0.084228515625,1.030649185180664,2.3689727783203125,1.1209983825683594,0.013599395751953125,0.0536346435546875,1.0516033172607422,3.297628402709961,0.02495574951171875,1.74560546875
65,0.0,1.0392417907714844,2.8103904724121094,1.832427978515625,1.5474395751953125,2.3613719940185547,0.99951171875,1.0019454956054688,0.025745391845703125,0.084228515625,1.030649185180664,2.3689727783203125,1.1209983825683594,0.013599395751953125,0.0536346435546875,1.0516033172607422,3.297628402709961,0.02495574951171875,1.74560546875
66,0.0,1.0392417907714844,2.8103904724121094,1.832427978515625,1.5474395751953125,2.3613719940185547,0.99951171875,1.0019454956054688,0.023141860961914062,0.084228515625,1.030649185180664,2.3689727783203125,1.1209983825683594,0.013599395751953125,0.0536346435546875,1.0516033172607422,3.297628402709961,0.02495574951171875,1.74560546875
67,0.0,1.0392417907714844,2.8103904724121094,1.832427978515625,1.5474395751953125,2.3613719940185547,0.99951171875,1.0019454956054688,0.022891998291015625,0.084228515625,1.030649185180664,2.3689727783203125,1.1209983825683594,0.013599395751953125,0.0536346435546875,1.0516033172607422,3.297628402709961,0.02495574951171875,1.74560546875
68,0.0,1.0392417907714844,2.8103904724121094,1.832427978515625,1.5474395751953125,2.3613719940185547,0.99951171875,1.0019454956054688,0.02056884765625,0.084228515625,1.030649185180664,2.3689727783203125,1.1209983825683594,0.013599395751953125,0.0536346435546875,1.0516033172607422,3.297628402709961,0.02495574951171875,1.74560546875
69,0.0,1.0392417907714844,2.8103904724121094,1.832427978515625,1.5474395751953125,2.3613719940185547,0.99951171875,1.0019454956054688,0.02021026611328125,0.084228515625,1.030649185180664,2.3689727783203125,1.1209983825683594,0.013599395751953125,0.0536346435546875,1.0516033172607422,3.297628402709961,0.02495574951171875,1.74560546875
70,0.0,1.0392417907714844,2.8103904724121094,1.832427978515625,1.5474395751953125,2.3613719940185547,0.99951171875,1.0019454956054688,0.018146514892578125,0.084228515625,1.030649185180664,2.3689727783203125,1.1209983825683594,0.013599395751953125,0.0536346435546875,1.0516033172607422,3.297628402709961,0.02495574951171875,1.74560546875
71,0.0,1.0392417907714844,2.8103904724121094,1.832427978515625,1.5474395751953125,2.3613719940185547,0.99951171875,1.0019454956054688,0.017696380615234375,0.084228515625,1.030649185180664,2.3689727783203125,1.1209983825683594,0.013599395751953125,0.0536346435546875,1.0516033172607422,3.297628402709961,0.02495574951171875,1.74560546875
72,0.0,1.0392417907714844,2.8103904724121094,1.832427978515625,1.5474395751953125,2.3613719940185547,0.99951171875,1.0019454956054688,0.015871047973632812,0.084228515625,1.030649185180664,2.3689727783203125,1.1209983825683594,0.013599395751953125,0.0536346435546875,1.0516033172607422,3.297628402709961,0.02495574951171875,1.74560546875
73,0.0,1.0392417907714844,2.8103904724121094,1.832427978515625,1.5474395751953125,2.3613719940185547,0.99951171875,1.0019454956054688,0.015356063842773438,0.084228515625,1.030649185180664,2.3689727783203125,1.1209983825683594,0.013599395751953125,0.0536346435546875,1.0516033172607422,3.297628402709961,0.02495574951171875,1.74560546875
74,0.0,1.0392417907714844,2.8103904724121094,1.832427978515625,1.5474395751953125,2.3613719940185547,0.99951171875,1.0019454956054688,0.013744354248046875,0.084228515625,1.030649185180664,2.3689727783203125,1.1209983825683594,0.013599395751953125,0.0536346435546875,1.0516033172607422,3.297628402709961,0.02495574951171875,1.74560546875
75,0.0,1.0392417907714844,2.8103904724121094,1.832427978515625,1.5474395751953125,2.3613719940185547,0.99951171875,1.0019454956054688,0.01318359375,0.084228515625,1.030649185180664,2.3689727783203125,1.1209983825683594,0.013599395751953125,0.0536346435546875,1.0516033172607422,3.297628402709961,0.02495574951171875,1.74560546875
76,0.0,1.0392417907714844,2.8103904724121094,1.832427978515625,1.5474395751953125,2.3613719940185547,0.99951171875,1.0019454956054688,0.011770248413085938,0.084228515625,1.030649185180664,2.3689727783203125,1.1209983825683594,0.013599395751953125,0.0536346435546875,1.0516033172607422,3.297628402709961,0.02495574951171875,1.74560546875
77,0.0,1.0392417907714844,2.8103904724121094,1.832427978515625,1.5474395751953125,2.3613719940185547,0.99951171875,1.0019454956054688,0.011180877685546875,0.084228515625,1.030649185180664,2.3689727783203125,1.1209983825683594,0.013599395751953125,0.0536346435546875,1.0516033172607422,3.297628402709961,0.02495574951171875,1.74560546875
78,0.0,1.0392417907714844,2.8103904724121094,1.832427978515625,1.5474395751953125,2.3613719940185547,0.99951171875,1.0019454956054688,0.009944915771484375,0.084228515625,1.030649185180664,2.3689727783203125,1.1209983825683594,0.013599395751953125,0.0536346435546875,1.0516033172607422,3.297628402709961,0.02495574951171875,1.74560546875
79,0.0,1.0392417907714844,2.8103904724121094,1.832427978515625,1.5474395751953125,2.3613719940185547,0.99951171875,1.0019454956054688,0.00934600830078125,0.084228515625,1.030649185180664,2.3689727783203125,1.1209983825683594,0.013599395751953125,0.0536346435546875,1.0516033172607422,3.297628402709961,0.02495574951171875,1.74560546875
80,0.0,1.0392417907714844,2.8103904724121094,1.832427978515625,1.5474395751953125,2.3613719940185547,0.99951171875,1.0019454956054688,0.008270263671875,0.084228515625,1.030649185180664,2.3689727783203125,1.1209983825683594,0.013599395751953125,0.0536346435546875,1.0516033172607422,3.297628402709961,0.02495574951171875,1.74560546875
81,0.0,1.0392417907714844,2.8103904724121094,1.832427978515625,1.5474395751953125,2.3613719940185547,0.99951171875,1.0019454956054688,0.0076751708984375,0.084228515625,1.030649185180664,2.3689727783203125,1.1209983825683594,0.013599395751953125,0.0536346435546875,1.0516033172607422,3.297628402709961,0.02495574951171875,1.74560546875
82,0.0,1.0392417907714844,2.8103904724121094,1.832427978515625,1.5474395751953125,2.3613719940185547,0.99951171875,1.0019454956054688,0.0067501068115234375,0.084228515625,1.030649185180664,2.3689727783203125,1.1209983825683594,0.013599395751953125,0.0536346435546875,1.0516033172607422,3.297628402709961,0.02495574951171875,1.74560546875
83,0.0,1.0392417907714844,2.8103904724121094,1.832427978515625,1.5474395751953125,2.3613719940185547,0.99951171875,1.0019454956054688,0.0067501068115234375,0.084228515625,1.030649185180664,2.3689727783203125,1.1209983825683594,0.013599395751953125,0.0536346435546875,1.0516033172607422,3.297628402709961,0.02495574951171875,1.74560546875
84,0.0,1.0392417907714844,2.8103904724121094,1.832427978515625,1.5474395751953125,2.3613719940185547,0.99951171875,1.0019454956054688,0.0067501068115234375,0.084228515625,1.030649185180664,2.3689727783203125,1.1209983825683594,0.013599395751953125,0.0536346435546875,1.0516033172607422,3.297628402709961,0.02495574951171875,1.74560546875
85,0.0,1.0392417907714844,2.8103904724121094,1.832427978515625,1.5474395751953125,2.3613719940185547,0.99951171875,1.0019454956054688,0.0067501068115234375,0.084228515625,1.030649185180664,2.3689727783203125,1.1209983825683594,0.013599395751953125,0.0536346435546875,1.0516033172607422,3.297628402709961,0.02495574951171875,1.74560546875
86,0.0,1.0392417907714844,2.8103904724121094,1.832427978515625,1.5474395751953125,2.3613719940185547,0.99951171875,1.0019454956054688,0.0067501068115234375,0.084228515625,1.030649185180664,2.3689727783203125,1.1209983825683594,0.013599395751953125,0.0536346435546875,1.0516033172607422,3.297628402709961,0.02495574951171875,1.74560546875
87,0.0,1.0392417907714844,2.8103904724121094,1.832427978515625,1.5474395751953125,2.3613719940185547,0.99951171875,1.0019454956054688,0.0067501068115234375,0.084228515625,1.030649185180664,2.3689727783203125,1.1209983825683594,0.013599395751953125,0.0536346435546875,1.0516033172607422,3.297628402709961,0.02495574951171875,1.74560546875
88,0.0,1.0392417907714844,2.8103904724121094,1.832427978515625,1.5474395751953125,2.3613719940185547,0.99951171875,1.0019454956054688,0.0067501068115234375,0.084228515625,1.030649185180664,2.3689727783203125,1.1209983825683594,0.013599395751953125,0.0536346435546875,1.0516033172607422,3.297628402709961,0.02495574951171875,1.74560546875
89,0.0,1.0392417907714844,2.8103904724121094,1.832427978515625,1.5474395751953125,2.3613719940185547,0.99951171875,1.0019454956054688,0.005401611328125,0.084228515625,1.030649185180664,2.3689727783203125,1.1209983825683594,0.013599395751953125,0.0536346435546875,1.0516033172607422,3.297628402709961,0.02495574951171875,1.74560546875
90,0.0,1.0392417907714844,2.8103904724121094,1.832427978515625,1.5474395751953125,2.3613719940185547,0.99951171875,1.0019454956054688,0.005401611328125,0.084228515625,1.030649185180664,2.3689727783203125,1.1209983825683594,0.013599395751953125,0.0536346435546875,1.0516033172607422,3.297628402709961,0.02495574951171875,1.74560546875
91,0.0,1.0392417907714844,2.8103904724121094,1.832427978515625,1.5474395751953125,2.3613719940185547,0.99951171875,1.0019454956054688,0.005401611328125,0.084228515625,1.030649185180664,2.3689727783203125,1.1209983825683594,0.013599395751953125,0.0536346435546875,1.0516033172607422,3.297628402709961,0.02495574951171875,1.74560546875
92,0.0,1.0392417907714844,2.8103904724121094,1.832427978515625,1.5474395751953125,2.3613719940185547,0.99951171875,1.0019454956054688,0.005401611328125,0.084228515625,1.030649185180664,2.3689727783203125,1.1209983825683594,0.013599395751953125,0.0536346435546875,1.0516033172607422,3.297628402709961,0.02495574951171875,1.74560546875
93,0.0,1.0392417907714844,2.8103904724121094,1.832427978515625,1.5474395751953125,2.3613719940185547,0.99951171875,1.0019454956054688,0.005401611328125,0.084228515625,1.030649185180664,2.3689727783203125,1.1209983825683594,0.013599395751953125,0.0536346435546875,1.0516033172607422,3.297628402709961,0.02495574951171875,1.74560546875
94,0.0,1.0392417907714844,2.8103904724121094,1.832427978515625,1.5474395751953125,2.3613719940185547,0.99951171875,1.0019454956054688,0.005401611328125,0.084228515625,1.030649185180664,2.3689727783203125,1.1209983825683594,0.013599395751953125,0.0536346435546875,1.0516033172607422,3.297628402709961,0.02495574951171875,1.74560546875
95,0.0,1.0392417907714844,2.8103904724121094,1.832427978515625,1.5474395751953125,2.3613719940185547,0.99951171875,1.0019454956054688,0.005401611328125,0.084228515625,1.030649185180664,2.3689727783203125,1.1209983825683594,0.013599395751953125,0.0536346435546875,1.0516033172607422,3.297628402709961,0.02495574951171875,1.74560546875
96,0.0,1.0392417907714844,2.8103904724121094,1.832427978515625,1.5474395751953125,2.3613719940185547,0.99951171875,1.0019454956054688,0.005401611328125,0.084228515625,1.030649185180664,2.3689727783203125,1.1209983825683594,0.013599395751953125,0.0536346435546875,1.0516033172607422,3.297628402709961,0.02495574951171875,1.74560546875
97,0.0,1.0392417907714844,2.8103904724121094,1.832427978515625,1.5474395751953125,2.3613719940185547,0.99951171875,1.0019454956054688,0.005401611328125,0.084228515625,1.030649185180664,2.3689727783203125,1.1209983825683594,0.013599395751953125,0.0536346435546875,1.0516033172607422,3.297628402709961,0.02495574951171875,1.74560546875
98,0.0,1.0392417907714844,2.8103904724121094,1.832427978515625,1.5474395751953125,2.3613719940185547,0.99951171875,1.0019454956054688,0.005401611328125,0.084228515625,1.030649185180664,2.3689727783203125,1.1209983825683594,0.013599395751953125,0.0536346435546875,1.0516033172607422,3.297628402709961,0.02495574951171875,1.74560546875
99,0.0,1.0392417907714844,2.8103904724121094,1.832427978515625,1.5474395751953125,2.3613719940185547,0.99951171875,1.0019454956054688,0.005401611328125,0.084228515625,1.030649185180664,2.3689727783203125,1.1209983825683594,0.013599395751953125,0.0536346435546875,1.0516033172607422,3.297628402709961,0.02495574951171875,1.74560546875
100,0.0,1.0392417907714844,2.8103904724121094,1.832427978515625,1.5474395751953125,2.3613719940185547,0.99951171875,1.0019454956054688,0.005401611328125,0.084228515625,1.030649185180664,2.3689727783203125,1.1209983825683594,0.013599395751953125,0.0536346435546875,1.0516033172607422,3.297628402709961,0.02495574951171875,1.74560546875
